School,G,W,L,W-L%,SRS,SOS,Conf. W,Conf. L,Home W,Home L,Road W,Road L,Tm.,Opp.,MP,FG,FGA,FG%,3P,3PA,3P%,FT,FTA,FT%,ORB,TRB,AST,STL,BLK,TOV,PF
Abilene Christian NCAA,34,27,7,0.794,-1.91,-7.34,14,4,13,2,10,4,2502,2161,1370,897,1911,0.469,251,660,0.38,457,642,0.712,325,1110,525,297,93,407,635
Air Force,32,14,18,0.438,-4.28,0.24,8,10,9,6,3,9,2179,2294,1300,802,1776,0.452,234,711,0.329,341,503,0.678,253,1077,434,154,57,423,543
Akron,33,17,16,0.515,4.86,1.09,8,10,14,3,1,10,2271,2107,1325,797,1948,0.409,297,929,0.32,380,539,0.705,312,1204,399,185,106,388,569
Alabama A&M,32,5,27,0.156,-19.23,-8.38,4,14,4,7,0,18,1938,2285,1295,736,1807,0.407,182,575,0.317,284,453,0.627,314,1025,384,234,49,487,587
Alabama-Birmingham,35,20,15,0.571,0.36,-1.52,10,8,11,5,6,6,2470,2370,1410,906,2003,0.452,234,694,0.337,424,629,0.674,367,1279,401,218,82,399,578
Alabama State,31,12,19,0.387,-15.6,-7.84,9,9,8,3,3,13,2086,2235,1250,712,1764,0.404,216,673,0.321,446,684,0.652,365,1094,313,203,102,451,565
Alabama,34,18,16,0.529,9.45,9.01,8,10,10,6,4,8,2448,2433,1365,856,1945,0.44,244,718,0.34,492,739,0.666,384,1285,418,157,160,465,572
Albany (NY),32,12,20,0.375,-9.37,-6.7,7,9,6,8,6,10,2150,2216,1300,728,1750,0.416,274,790,0.347,420,564,0.745,294,1081,402,195,78,454,566
Alcorn State,31,10,21,0.323,-22.08,-8.97,6,12,10,3,0,17,1995,2194,1245,709,1721,0.412,211,646,0.327,366,543,0.674,334,1079,391,229,107,492,548
American,30,15,15,0.5,-4.19,-7.22,9,9,8,7,6,8,2161,2070,1220,780,1645,0.474,190,584,0.325,411,589,0.698,251,1014,402,221,131,386,520
Appalachian State,32,11,21,0.344,-3.73,0.1,6,12,9,5,2,12,2557,2539,1290,880,1938,0.454,292,814,0.359,505,706,0.715,310,1127,406,171,90,418,585
Arizona State NCAA,34,23,11,0.676,10.28,6.04,12,6,13,3,6,5,2638,2494,1380,899,2012,0.447,240,714,0.336,600,882,0.68,399,1351,459,213,109,466,675
Arizona,32,17,15,0.531,8.32,6.32,8,10,12,5,4,7,2269,2205,1290,794,1861,0.427,235,699,0.336,446,620,0.719,324,1115,398,165,73,370,594
Little Rock,31,10,21,0.323,-4.87,-2.07,5,13,7,9,3,12,2301,2353,1250,817,1687,0.484,206,581,0.355,461,703,0.656,244,1060,443,169,87,503,622
Arkansas-Pine Bluff,32,13,19,0.406,-14.44,-8.18,10,8,8,2,4,17,2108,2269,1300,719,1685,0.427,194,574,0.338,476,702,0.678,317,1063,365,216,109,478,629
Arkansas State,32,13,19,0.406,-7.1,-1.23,7,11,10,4,2,13,2359,2475,1310,796,1904,0.418,237,709,0.334,530,721,0.735,403,1211,363,183,139,448,684
Arkansas,34,18,16,0.529,11.75,8.78,8,10,12,6,5,8,2559,2458,1370,893,2004,0.446,259,751,0.345,514,769,0.668,345,1152,541,275,172,450,693
Army,32,13,19,0.406,-7.57,-4.73,8,10,10,4,3,13,2268,2305,1280,837,1956,0.428,272,863,0.315,322,471,0.684,259,1125,499,198,50,376,544
Auburn NCAA,40,30,10,0.75,20.84,10.92,11,7,15,2,4,6,3188,2750,1615,1097,2439,0.45,454,1204,0.377,540,760,0.711,457,1369,572,369,190,466,731
Austin Peay,33,22,11,0.667,0.59,-4.41,13,5,10,2,8,7,2712,2413,1335,973,2060,0.472,268,702,0.382,498,705,0.706,397,1215,454,252,110,392,595
Ball State,33,16,17,0.485,3.39,1.21,6,12,7,7,8,7,2478,2362,1340,889,1892,0.47,202,621,0.325,498,709,0.702,308,1243,426,217,118,480,579
Baylor NCAA,34,20,14,0.588,13.38,9.26,10,8,13,5,5,6,2442,2302,1365,869,1966,0.442,274,803,0.341,430,635,0.677,446,1280,473,209,159,446,636
Belmont NCAA,33,27,6,0.818,9.12,-2.6,16,2,13,1,12,3,2868,2439,1330,1042,2094,0.498,343,922,0.372,441,598,0.737,286,1275,645,220,125,376,509
Bethune-Cookman,31,14,17,0.452,-11.99,-9.75,9,7,11,4,3,12,2290,2245,1250,833,1899,0.439,204,635,0.321,420,689,0.61,415,1274,444,234,108,501,610
Binghamton,33,10,23,0.303,-13.92,-4.69,5,11,5,11,5,12,2152,2376,1320,793,1842,0.431,275,788,0.349,291,452,0.644,244,1060,324,183,152,409,474
Boise State,33,13,20,0.394,3.61,1.08,7,11,8,7,3,10,2364,2263,1330,845,1801,0.469,252,715,0.352,422,584,0.723,242,1016,398,200,68,379,570
Boston College,31,14,17,0.452,5.83,7.76,5,13,10,8,2,8,2196,2256,1260,768,1808,0.425,218,687,0.317,442,633,0.698,331,1137,382,159,103,378,509
Boston University,33,15,18,0.455,-6.61,-5.39,7,11,7,7,8,10,2385,2387,1325,922,1922,0.48,221,639,0.346,320,468,0.684,311,1091,447,199,73,425,578
Bowling Green State,34,22,12,0.647,4.24,0.86,12,6,14,2,5,8,2668,2496,1370,945,2134,0.443,272,762,0.357,506,755,0.67,408,1396,427,227,90,412,596
Bradley NCAA,35,20,15,0.571,-0.08,-0.9,9,9,10,6,5,8,2329,2285,1405,812,1874,0.433,240,653,0.368,465,672,0.692,313,1195,423,186,131,440,617
Brigham Young,32,19,13,0.594,6.15,3.31,11,5,13,3,5,8,2527,2436,1295,878,1878,0.468,226,684,0.33,545,750,0.727,263,1118,482,203,107,354,625
Brown,32,20,12,0.625,-0.62,-3.29,7,7,13,3,7,9,2355,2204,1290,805,1818,0.443,255,745,0.342,490,685,0.715,261,1157,418,241,123,458,600
Bryant,30,10,20,0.333,-15.18,-7.64,7,11,8,6,2,13,2088,2314,1200,709,1680,0.422,230,708,0.325,440,618,0.712,285,969,319,158,79,383,575
Bucknell,33,21,12,0.636,0.59,-2.93,13,5,12,3,7,8,2534,2418,1325,867,1928,0.45,311,885,0.351,489,653,0.749,286,1154,519,173,116,409,627
Buffalo NCAA,36,32,4,0.889,15.57,2.62,16,2,14,0,12,3,3037,2550,1445,1083,2344,0.462,344,1022,0.337,527,767,0.687,452,1470,599,263,140,433,659
Butler,33,16,17,0.485,9.22,8.1,7,11,12,4,2,10,2374,2337,1330,861,1934,0.445,292,827,0.353,360,488,0.738,288,1059,434,193,62,359,593
Cal Poly,29,6,23,0.207,-13.95,-3.54,2,14,4,8,1,14,1930,2183,1185,706,1715,0.412,225,687,0.328,293,452,0.648,284,975,301,147,99,334,544
Cal State Bakersfield,34,18,16,0.529,-5.12,-2.63,7,9,9,4,7,10,2412,2412,1375,887,2092,0.424,221,683,0.324,417,620,0.673,486,1272,379,218,105,439,747
Cal State Fullerton,34,16,18,0.471,-3.29,-1.14,10,6,9,4,4,11,2437,2414,1385,868,1911,0.454,187,589,0.317,514,726,0.708,277,1224,407,200,118,450,639
Cal State Northridge,34,13,21,0.382,-6.55,-3.39,7,9,7,9,4,11,2601,2701,1375,968,2104,0.46,234,649,0.361,431,676,0.638,352,1214,512,225,154,410,641
California Baptist,31,16,15,0.516,-3.89,-4.12,7,9,8,7,8,6,2403,2241,1260,831,1860,0.447,287,801,0.358,454,576,0.788,306,1170,345,148,85,379,623
UC-Davis,31,11,20,0.355,-6.26,-1.5,7,9,7,6,3,12,2038,2128,1260,735,1673,0.439,203,619,0.328,365,515,0.709,218,928,375,196,71,412,596
UC-Irvine NCAA,37,31,6,0.838,5.7,-2.3,15,1,12,2,13,2,2675,2353,1500,987,2159,0.457,252,701,0.359,449,640,0.702,429,1471,479,210,152,441,673
UC-Riverside,33,10,23,0.303,-11.12,-3.19,4,12,7,7,2,14,2153,2279,1325,793,1787,0.444,279,741,0.377,288,421,0.684,281,1051,426,164,60,425,561
UC-Santa Barbara,32,22,10,0.688,-1.62,-5.55,10,6,12,3,7,6,2350,2114,1290,825,1818,0.454,204,594,0.343,496,693,0.716,379,1204,431,159,106,355,559
University of California,31,8,23,0.258,-3.16,5.42,3,15,7,9,1,10,2121,2387,1245,739,1735,0.426,207,592,0.35,436,603,0.723,249,899,335,227,98,352,573
Campbell,33,20,13,0.606,-3.62,-4.39,12,4,12,4,5,8,2495,2328,1325,867,1906,0.455,313,912,0.343,448,591,0.758,267,1051,482,218,104,337,522
Canisius,32,15,17,0.469,-8.79,-4.85,11,7,5,8,9,5,2250,2376,1295,798,1834,0.435,256,791,0.324,398,575,0.692,300,1026,466,204,108,412,626
Central Arkansas,33,14,19,0.424,-11.37,-4.81,8,10,8,5,5,13,2383,2498,1330,810,1903,0.426,276,784,0.352,487,667,0.73,299,1164,463,202,120,478,611
Central Connecticut State,31,11,20,0.355,-14.01,-6.7,5,13,5,7,5,12,2205,2367,1260,754,1821,0.414,201,612,0.328,496,634,0.782,332,1107,353,172,110,427,598
Central Florida NCAA,33,24,9,0.727,13.37,5.58,13,5,15,2,5,5,2385,2128,1325,819,1763,0.465,229,628,0.365,518,798,0.649,315,1215,439,189,150,393,554
Central Michigan,35,23,12,0.657,2.79,-0.34,10,8,13,4,7,6,2896,2690,1425,991,2177,0.455,305,822,0.371,609,908,0.671,419,1321,467,267,107,425,593
Charleston Southern,34,18,16,0.529,-2.43,-4.19,9,7,12,4,4,11,2574,2369,1370,926,2156,0.429,324,945,0.343,398,588,0.677,407,1277,487,263,110,441,571
Charlotte,29,8,21,0.276,-8.34,-0.89,5,13,5,9,3,9,1776,1992,1160,598,1441,0.415,191,615,0.311,389,524,0.742,199,892,288,138,101,418,490
Chattanooga,32,12,20,0.375,-7.87,-0.76,7,11,8,6,4,11,2268,2376,1285,833,1881,0.443,290,795,0.365,312,457,0.683,278,1096,419,139,79,409,553
Chicago State,32,3,29,0.094,-24.83,0.67,0,16,3,8,0,19,1970,2710,1280,718,1749,0.411,141,468,0.301,393,582,0.675,249,993,373,193,72,512,625
Cincinnati NCAA,35,28,7,0.8,14.53,5.5,14,4,16,2,7,4,2510,2194,1410,872,2018,0.432,232,673,0.345,534,758,0.704,442,1264,466,214,155,365,563
Citadel,30,12,18,0.4,-7.94,0.03,4,14,8,7,4,10,2553,2584,1210,899,2010,0.447,370,1076,0.344,385,523,0.736,322,1107,463,201,110,386,528
Clemson,34,20,14,0.588,13.85,8.99,9,9,14,5,4,6,2339,2174,1360,833,1856,0.449,217,661,0.328,456,623,0.732,309,1203,410,224,154,450,552
Cleveland State,31,10,21,0.323,-7.96,-1.52,5,13,8,9,2,12,2300,2437,1250,799,1834,0.436,303,820,0.37,399,585,0.682,303,1094,460,174,97,412,551
Coastal Carolina,34,17,17,0.5,-0.5,-1.94,9,9,10,4,6,11,2641,2520,1370,899,1986,0.453,284,766,0.371,559,778,0.719,376,1256,451,214,78,472,691
Colgate NCAA,35,24,11,0.686,1.23,-3.83,13,5,15,1,9,9,2648,2458,1415,955,1995,0.479,320,815,0.393,418,563,0.742,322,1240,541,213,121,456,547
College of Charleston,33,24,9,0.727,2.36,-2.95,12,6,13,2,8,5,2453,2265,1330,878,1818,0.483,227,667,0.34,470,615,0.764,260,1060,387,216,76,347,486
Colorado State,32,12,20,0.375,-0.11,1.41,7,11,8,9,3,8,2393,2406,1285,866,1818,0.476,259,722,0.359,402,579,0.694,256,1080,472,200,74,372,522
Colorado,36,23,13,0.639,9.68,3.6,10,8,15,2,5,9,2648,2429,1445,924,2037,0.454,230,711,0.323,570,757,0.753,363,1351,476,179,107,479,616
Columbia,28,10,18,0.357,-5.18,-2.14,5,9,5,7,4,9,2059,2052,1160,778,1721,0.452,237,655,0.362,266,378,0.704,255,986,443,218,78,366,539
Connecticut,33,16,17,0.485,6.81,4.32,6,12,13,5,1,8,2436,2354,1325,874,1959,0.446,252,732,0.344,436,641,0.68,380,1167,422,200,145,427,643
Coppin State,33,8,25,0.242,-18.91,-7.12,7,9,3,7,4,16,2118,2507,1330,710,1827,0.389,240,841,0.285,458,689,0.665,314,1218,326,169,115,555,619
Cornell,31,15,16,0.484,-6.12,-2.01,7,7,9,4,6,12,2149,2211,1260,754,1707,0.442,243,732,0.332,398,551,0.722,191,1015,453,181,107,414,491
Creighton,35,20,15,0.571,12,8.59,9,9,13,6,4,8,2727,2561,1420,980,2044,0.479,372,962,0.387,395,582,0.679,288,1195,559,237,90,464,580
Dartmouth,30,11,19,0.367,-5.75,-3,2,12,8,6,2,12,2160,2116,1210,791,1748,0.453,264,719,0.367,314,435,0.722,246,1020,415,159,98,361,468
Davidson,34,24,10,0.706,6.38,1.96,14,4,14,2,7,5,2409,2229,1365,852,1893,0.45,312,882,0.354,393,525,0.749,264,1185,499,175,82,378,539
Dayton,33,21,12,0.636,9.67,2.91,13,5,13,4,7,4,2406,2183,1335,902,1789,0.504,205,617,0.332,397,575,0.69,261,1145,541,164,81,414,463
Delaware State,31,6,25,0.194,-26.83,-10.14,2,14,3,9,2,15,1956,2371,1240,695,1963,0.354,234,789,0.297,332,489,0.679,378,1144,333,214,65,435,589
Delaware,33,17,16,0.515,-7.91,-4.81,8,10,9,7,7,8,2352,2380,1360,830,1808,0.459,282,746,0.378,410,564,0.727,254,1083,425,149,78,378,523
Denver,30,8,22,0.267,-11.84,-2.97,3,13,6,7,1,14,2086,2319,1205,755,1723,0.438,227,622,0.365,349,460,0.759,275,1041,354,142,78,408,506
DePaul,36,19,17,0.528,5.99,4.05,7,11,16,7,3,9,2821,2751,1450,1009,2143,0.471,241,703,0.343,562,773,0.727,396,1346,513,227,117,488,630
Detroit Mercy,31,11,20,0.355,-6.33,-0.36,8,10,6,6,4,14,2279,2464,1240,784,1875,0.418,294,825,0.356,417,581,0.718,336,1019,319,238,77,355,528
Drake,34,24,10,0.706,2.52,-0.66,12,6,13,2,7,6,2563,2387,1385,908,1943,0.467,279,773,0.361,468,618,0.757,279,1214,518,180,130,449,568
Drexel,32,13,19,0.406,-7.02,-2.93,7,11,9,7,3,11,2425,2475,1280,874,1900,0.46,237,669,0.354,440,584,0.753,312,1126,464,144,62,377,543
Duke NCAA,38,32,6,0.842,26.9,11.98,14,4,15,2,7,2,3143,2576,1525,1157,2418,0.478,278,903,0.308,551,803,0.686,495,1567,606,346,257,488,595
Duquesne,32,19,13,0.594,0.53,-0.63,10,8,14,4,4,6,2351,2314,1295,810,1895,0.427,271,841,0.322,460,663,0.694,379,1133,443,250,151,451,580
East Carolina,31,10,21,0.323,-5.5,1.31,3,15,8,9,1,11,2088,2299,1255,749,1791,0.418,155,545,0.284,435,638,0.682,317,1061,382,223,110,416,622
East Tennessee State,34,24,10,0.706,5.21,-1.79,13,5,13,3,8,6,2707,2371,1375,1004,2067,0.486,274,758,0.361,425,635,0.669,442,1351,534,252,135,483,603
Eastern Illinois,32,14,18,0.438,-11.81,-5.01,7,11,7,6,5,10,2299,2457,1310,826,1912,0.432,272,735,0.37,375,545,0.688,347,1147,434,200,120,427,569
Eastern Kentucky,31,13,18,0.419,-7.4,-2.47,6,12,9,5,3,11,2562,2577,1265,902,2125,0.424,272,832,0.327,486,683,0.712,362,1167,458,317,101,447,661
Eastern Michigan,32,15,17,0.469,0.4,4.43,9,9,11,7,4,10,2203,2213,1295,818,1822,0.449,187,634,0.295,380,604,0.629,400,1155,369,237,142,442,530
Eastern Washington,34,16,18,0.471,-6.77,-4.17,12,8,9,4,4,13,2460,2527,1380,876,2040,0.429,310,886,0.35,398,546,0.729,299,1192,467,200,101,401,632
Elon,32,11,21,0.344,-11.53,-3.56,7,11,5,11,6,7,2266,2445,1290,812,1860,0.437,335,942,0.356,307,443,0.693,265,1080,468,135,59,413,539
Evansville,32,11,21,0.344,-3.84,0.13,5,13,9,7,2,13,2234,2317,1295,747,1776,0.421,264,776,0.34,476,660,0.721,215,1095,394,185,89,416,601
Fairfield,31,9,22,0.29,-10.2,-7.13,6,12,5,7,3,13,2072,2167,1240,761,1755,0.434,259,740,0.35,291,420,0.693,273,968,401,202,63,436,612
Fairleigh Dickinson NCAA,35,21,14,0.6,-6.07,-7.22,12,6,13,4,7,9,2620,2515,1420,921,1939,0.475,269,672,0.4,509,703,0.724,323,1155,486,261,132,477,578
Florida A&M,31,12,19,0.387,-13.58,-8.09,9,7,6,3,6,14,1927,2057,1245,719,1640,0.438,180,489,0.368,309,503,0.614,288,991,355,226,111,499,580
Florida Atlantic,33,17,16,0.515,-1.42,-1.76,8,10,9,5,6,9,2322,2243,1335,809,1971,0.41,290,895,0.324,414,551,0.751,366,1296,419,184,93,485,576
Florida Gulf Coast,32,14,18,0.438,-5.11,-1.48,9,7,10,4,4,10,2280,2360,1280,809,1786,0.453,269,724,0.372,393,588,0.668,272,1064,449,216,133,479,514
Florida International,34,20,14,0.588,-4.55,-1.45,10,8,12,4,6,9,2798,2734,1360,986,2239,0.44,279,923,0.302,547,855,0.64,367,1217,490,359,154,477,655
Florida State NCAA,37,29,8,0.784,17.99,10.26,13,5,15,1,6,4,2771,2485,1500,960,2171,0.442,272,819,0.332,579,778,0.744,418,1391,475,266,161,492,705
Florida NCAA,36,20,16,0.556,15.42,11.22,9,9,9,6,5,6,2440,2289,1455,857,2016,0.425,291,872,0.334,435,603,0.721,375,1201,437,257,131,420,613
Fordham,32,12,20,0.375,-5.02,-2.4,3,15,9,10,3,8,2108,2141,1295,759,1890,0.402,276,831,0.332,314,462,0.68,305,1082,360,188,108,345,559
Fresno State,32,23,9,0.719,8.99,0.66,13,5,13,4,7,3,2448,2162,1285,847,1866,0.454,342,897,0.381,412,572,0.72,300,1137,457,228,111,400,591
Furman,33,25,8,0.758,7.46,-1.5,13,5,13,3,11,4,2562,2182,1340,930,1962,0.474,338,935,0.361,364,508,0.717,326,1170,524,288,137,407,481
Gardner-Webb NCAA,35,23,12,0.657,-2.62,-4.43,11,6,13,0,8,9,2718,2468,1430,955,1962,0.487,281,719,0.391,527,741,0.711,271,1190,502,238,101,407,561
George Mason,33,18,15,0.545,0.84,0.08,11,7,11,6,6,6,2314,2289,1330,825,1855,0.445,210,637,0.33,454,634,0.716,323,1166,399,204,95,428,563
George Washington,33,9,24,0.273,-6.65,1.2,4,14,6,11,2,10,2097,2356,1340,745,1842,0.404,196,631,0.311,411,600,0.685,274,1116,375,170,96,413,526
Georgetown,33,19,14,0.576,6.8,5.31,9,9,13,6,5,6,2625,2576,1355,894,2017,0.443,269,757,0.355,568,771,0.737,350,1299,541,198,131,443,581
Georgia Southern,33,21,12,0.636,3.74,0.13,12,6,10,4,7,7,2726,2489,1330,1012,2027,0.499,203,631,0.322,499,721,0.692,316,1186,401,254,131,451,590
Georgia State NCAA,34,24,10,0.706,2.44,0.65,13,5,13,1,7,7,2598,2491,1360,903,1968,0.459,330,859,0.384,462,694,0.666,273,1110,415,269,158,391,583
Georgia Tech,32,14,18,0.438,6.93,8.15,6,12,11,7,3,9,2091,2130,1285,755,1714,0.44,176,573,0.307,405,588,0.689,262,1076,433,221,166,459,560
Georgia,32,11,21,0.344,5.31,8.12,2,16,8,9,2,9,2274,2364,1280,776,1760,0.441,210,652,0.322,512,726,0.705,357,1215,423,185,163,506,565
Gonzaga NCAA,37,33,4,0.892,27.79,5.01,16,0,17,0,9,1,3243,2400,1480,1177,2239,0.526,287,790,0.363,602,791,0.761,354,1443,661,278,201,394,603
Grambling,34,17,17,0.5,-9.73,-9.34,10,8,11,3,6,12,2426,2336,1370,834,1846,0.452,223,553,0.403,535,781,0.685,307,1287,420,193,147,536,700
Grand Canyon,34,20,14,0.588,3.85,-1.49,10,6,12,2,5,8,2560,2353,1370,907,2006,0.452,257,777,0.331,487,666,0.731,350,1238,478,207,75,411,598
Green Bay,38,21,17,0.553,-2.24,-0.36,10,8,15,3,5,13,3090,3036,1535,1106,2413,0.458,303,879,0.345,575,818,0.703,376,1407,578,291,154,500,730
Hampton,35,18,17,0.514,-3.34,-5.06,9,7,12,3,6,12,2847,2669,1430,966,2236,0.432,291,844,0.345,622,790,0.787,363,1370,487,215,121,379,648
Hartford,33,18,15,0.545,-3.95,-4.89,10,6,10,4,8,9,2477,2407,1345,848,1863,0.455,322,846,0.381,459,619,0.742,278,1050,462,228,69,401,552
Harvard,31,19,12,0.613,1.86,0.66,10,4,9,2,8,9,2222,2174,1265,787,1711,0.46,260,722,0.36,388,538,0.721,288,1119,369,174,123,491,553
Hawaii,31,18,13,0.581,-1.3,-3.61,9,7,12,5,4,5,2241,2131,1250,788,1746,0.451,266,751,0.354,399,576,0.693,278,1055,478,156,66,368,556
High Point,31,16,15,0.516,-5.63,-4.39,9,7,9,4,5,8,2115,2105,1255,763,1719,0.444,180,583,0.309,409,604,0.677,363,1183,404,170,91,406,502
Hofstra,35,27,8,0.771,4.68,-4.53,15,3,15,1,10,6,2919,2553,1440,998,2055,0.486,308,800,0.385,615,767,0.802,305,1168,492,228,122,342,526
Holy Cross,33,16,17,0.485,-6.43,-4,6,12,8,6,6,11,2216,2296,1335,848,1834,0.462,237,670,0.354,283,424,0.667,220,916,510,241,127,350,481
Houston Baptist,30,12,18,0.4,-9.36,-5.53,8,10,9,4,3,13,2465,2484,1225,865,1896,0.456,200,588,0.34,535,793,0.675,409,1142,449,234,54,442,593
Houston NCAA,37,33,4,0.892,18.91,4.61,16,2,19,1,10,1,2787,2258,1480,982,2203,0.446,333,939,0.355,490,697,0.703,448,1502,546,240,161,410,705
Howard,34,17,17,0.5,-12.31,-9.53,10,6,6,8,9,8,2684,2661,1370,937,2163,0.433,244,669,0.365,566,780,0.726,396,1253,463,198,144,427,652
Idaho State,30,11,19,0.367,-13.17,-4.82,7,13,6,7,5,11,2198,2369,1200,779,1742,0.447,274,752,0.364,366,498,0.735,275,975,383,154,88,360,497
Idaho,32,5,27,0.156,-18.74,-6.19,2,18,4,11,1,13,2174,2460,1285,778,1764,0.441,251,678,0.37,367,507,0.724,258,1061,399,130,53,433,581
Illinois-Chicago,32,16,16,0.5,-3.15,-1.99,10,8,12,4,4,12,2391,2385,1295,865,1881,0.46,303,856,0.354,358,525,0.682,271,1106,478,210,124,457,684
Illinois State,33,17,16,0.515,-2.06,0.25,9,9,12,4,2,10,2257,2314,1330,813,1887,0.431,244,734,0.332,387,540,0.717,298,1139,421,162,106,417,577
Illinois,33,12,21,0.364,8.95,11.53,7,13,9,6,1,9,2398,2483,1335,862,2001,0.431,259,751,0.345,415,591,0.702,351,1089,446,244,86,435,696
Incarnate Word,31,6,25,0.194,-18.93,-5.11,1,17,5,9,0,14,2044,2355,1255,711,1527,0.466,174,508,0.343,448,553,0.81,204,845,354,184,53,504,592
Indiana State,31,15,16,0.484,-2.72,0.62,7,11,9,5,4,9,2146,2218,1250,757,1719,0.44,178,491,0.363,454,621,0.731,250,1007,342,207,73,402,586
Indiana,35,19,16,0.543,13.82,10.1,8,12,15,6,3,9,2504,2374,1420,919,2009,0.457,211,676,0.312,455,695,0.655,341,1272,469,226,154,433,596
Iona NCAA,33,17,16,0.515,-4.77,-5.5,12,6,8,3,5,9,2532,2508,1320,857,1897,0.452,297,845,0.351,521,699,0.745,283,1152,431,223,90,406,566
Iowa State NCAA,35,23,12,0.657,18.07,9.3,9,9,12,4,5,6,2692,2385,1400,974,2047,0.476,294,811,0.363,450,615,0.732,327,1230,527,247,160,379,517
Iowa NCAA,35,23,12,0.657,14.27,9.84,10,10,14,4,4,6,2740,2585,1415,914,2006,0.456,285,782,0.364,627,849,0.739,357,1246,542,211,112,427,565
Purdue-Fort Wayne,33,18,15,0.545,-3.47,-3.6,9,7,11,5,6,9,2728,2556,1330,991,2060,0.481,360,949,0.379,386,557,0.693,271,1140,525,247,158,395,495
IUPUI,33,16,17,0.485,-2.72,-3.04,8,10,11,4,3,13,2507,2429,1320,891,1969,0.453,234,695,0.337,491,699,0.702,403,1233,471,228,103,462,578
Jackson State,32,13,19,0.406,-14.6,-9.34,10,8,9,4,3,14,1974,2107,1285,717,1773,0.404,155,555,0.279,385,607,0.634,331,1124,360,210,124,436,643
Jacksonville State,33,24,9,0.727,1.59,-5.47,15,3,11,1,10,7,2574,2283,1345,953,2064,0.462,200,634,0.315,468,630,0.743,400,1310,451,245,138,440,552
Jacksonville,32,12,20,0.375,-8.27,-4.74,5,11,5,8,6,11,2385,2402,1285,889,1953,0.455,213,645,0.33,394,582,0.677,330,1163,456,213,166,463,523
James Madison,33,14,19,0.424,-8.52,-4.07,6,12,8,6,4,11,2322,2409,1350,821,1860,0.441,243,671,0.362,437,607,0.72,345,1123,403,211,101,420,612
Kansas State NCAA,34,25,9,0.735,15.39,9.18,14,4,13,2,7,5,2236,2025,1360,806,1877,0.429,241,721,0.334,383,574,0.667,320,1134,464,256,76,385,550
Kansas NCAA,36,26,10,0.722,18.35,12.79,12,6,16,0,3,8,2725,2525,1455,989,2128,0.465,260,743,0.35,487,691,0.705,374,1376,478,243,139,472,609
Kennesaw State,32,6,26,0.188,-16.17,-1.04,3,13,6,8,0,15,2030,2455,1285,742,1945,0.381,136,438,0.311,410,590,0.695,372,1163,363,185,106,437,525
Kent State,33,22,11,0.667,1.26,0.61,11,7,14,3,8,7,2481,2417,1330,878,2032,0.432,261,775,0.337,464,641,0.724,412,1185,430,226,119,378,601
Kentucky NCAA,37,30,7,0.811,21.43,10.29,15,3,17,1,8,2,2806,2394,1490,978,2050,0.477,215,607,0.354,635,859,0.739,427,1429,501,220,176,466,600
La Salle,31,10,21,0.323,-3.61,1.29,8,10,5,9,3,8,2091,2243,1240,719,1798,0.4,259,783,0.331,394,512,0.77,328,1060,391,230,98,435,630
Lafayette,30,10,20,0.333,-11.17,-4.93,7,11,4,11,6,9,2209,2349,1220,802,1785,0.449,280,736,0.38,325,437,0.744,233,1001,419,156,125,402,515
Lamar,33,20,13,0.606,-5.94,-7.22,12,6,13,2,6,10,2597,2322,1340,902,1977,0.456,228,665,0.343,565,823,0.687,446,1281,479,283,96,473,623
Lehigh,31,20,11,0.645,-2.33,-4.46,12,6,11,3,9,8,2479,2413,1250,856,1773,0.483,287,677,0.424,480,619,0.775,232,1102,468,172,71,418,571
Liberty NCAA,36,29,7,0.806,5.27,-3.88,14,2,16,1,11,3,2654,2209,1440,963,1976,0.487,322,872,0.369,406,524,0.775,270,1174,532,223,96,395,543
Lipscomb,37,29,8,0.784,9.21,-1.2,14,2,14,3,14,4,3076,2597,1480,1071,2230,0.48,327,876,0.373,607,801,0.758,329,1378,654,268,108,489,633
Long Beach State,34,15,19,0.441,-4.57,-0.44,8,8,9,5,4,12,2545,2584,1375,877,2031,0.432,217,630,0.344,574,831,0.691,377,1263,399,219,105,479,620
Long Island University,32,16,16,0.5,-8.97,-9.07,9,9,8,5,7,9,2373,2337,1285,822,1880,0.437,277,813,0.341,452,643,0.703,321,1196,430,218,157,471,610
Longwood,34,16,18,0.471,-8.43,-6.62,5,11,10,5,5,12,2407,2408,1375,803,1875,0.428,333,940,0.354,468,639,0.732,284,1194,401,210,71,477,624
Louisiana,32,19,13,0.594,-2.07,-1.51,10,8,10,4,7,7,2612,2575,1290,901,2021,0.446,283,814,0.348,527,710,0.742,363,1141,485,224,125,423,612
Louisiana-Monroe,35,19,16,0.543,0.81,-1.96,9,9,14,3,4,12,2773,2637,1425,922,2029,0.454,353,891,0.396,576,737,0.782,317,1176,498,206,78,398,545
Louisiana State NCAA,35,28,7,0.8,16.5,9.16,16,2,15,2,9,1,2815,2558,1435,988,2161,0.457,236,740,0.319,603,802,0.752,460,1355,452,308,148,452,634
Louisiana Tech,33,20,13,0.606,0.95,-2.31,9,9,15,1,4,10,2386,2235,1335,840,1928,0.436,253,756,0.335,453,690,0.657,368,1204,440,190,115,386,535
Louisville NCAA,34,20,14,0.588,17.28,11.04,10,8,14,4,5,6,2536,2324,1380,854,1967,0.434,294,860,0.342,534,687,0.777,345,1297,458,149,97,412,591
Loyola (IL),34,20,14,0.588,3.99,-0.16,12,6,13,4,5,7,2231,2066,1360,831,1688,0.492,206,564,0.365,363,545,0.666,190,1013,468,221,78,407,470
Loyola Marymount,34,22,12,0.647,2.93,0.9,8,8,12,4,8,7,2278,2125,1360,817,1800,0.454,163,510,0.32,481,645,0.746,314,1098,460,250,102,425,602
Loyola (MD),32,11,21,0.344,-9.13,-4.6,7,11,7,5,3,16,2332,2477,1295,842,1836,0.459,210,616,0.341,438,617,0.71,292,997,448,278,73,444,573
Maine,32,5,27,0.156,-15.11,-4.21,3,13,3,9,2,18,1988,2271,1310,747,1728,0.432,201,647,0.311,293,452,0.648,280,1015,471,239,93,460,566
Manhattan,32,11,21,0.344,-12.88,-7.32,8,10,4,9,4,11,1833,2011,1285,651,1606,0.405,219,659,0.332,312,534,0.584,326,1026,360,220,75,487,672
Marist,31,12,19,0.387,-9.49,-7.52,7,11,4,7,6,11,2086,2147,1250,739,1647,0.449,245,675,0.363,363,530,0.685,241,967,377,172,53,387,583
Marquette NCAA,34,24,10,0.706,14.78,6.96,12,6,16,3,6,4,2629,2363,1375,893,1969,0.454,319,822,0.388,524,692,0.757,331,1291,456,168,146,467,635
Marshall,37,23,14,0.622,-0.64,-0.61,11,7,16,3,6,10,2978,2979,1495,1047,2367,0.442,362,1058,0.342,522,723,0.722,319,1260,527,334,170,453,664
Maryland-Baltimore County,34,21,13,0.618,-5.85,-5.85,11,5,13,4,6,8,2296,2177,1400,820,1893,0.433,261,807,0.323,395,572,0.691,296,1145,452,268,83,428,578
Maryland-Eastern Shore,32,7,25,0.219,-24.22,-7.92,5,11,5,7,2,17,1833,2291,1285,666,1705,0.391,172,610,0.282,329,489,0.673,264,990,361,186,70,431,575
Maryland NCAA,34,23,11,0.676,16.01,10.1,13,7,15,3,6,5,2429,2228,1360,858,1909,0.449,247,707,0.349,466,627,0.743,378,1335,447,148,162,437,526
Massachusetts-Lowell,32,15,17,0.469,-8.28,-6.94,7,9,8,5,5,12,2456,2420,1290,875,1852,0.472,246,721,0.341,460,639,0.72,293,1115,500,181,85,447,589
Massachusetts,32,11,21,0.344,-3.02,-0.18,4,14,9,8,1,11,2263,2354,1290,808,1833,0.441,256,732,0.35,391,574,0.681,342,1122,469,154,93,445,643
McNeese State,31,9,22,0.29,-14.41,-6.15,5,13,7,8,2,14,2149,2303,1245,760,1675,0.454,168,547,0.307,461,647,0.713,310,1054,429,146,97,450,467
Memphis,36,22,14,0.611,10.7,5.09,11,7,17,2,3,8,2882,2680,1450,1013,2241,0.452,260,808,0.322,596,835,0.714,436,1361,553,288,144,538,738
Mercer,31,11,20,0.355,-2.86,-0.24,6,12,9,6,2,12,2248,2246,1245,787,1746,0.451,228,663,0.344,446,648,0.688,307,1058,393,207,80,407,557
Miami (FL),32,14,18,0.438,9.39,8.7,5,13,11,5,0,10,2297,2275,1285,805,1849,0.435,268,807,0.332,419,570,0.735,291,1060,413,212,100,372,465
Miami (OH),32,15,17,0.469,0.77,2.31,7,11,10,5,4,10,2267,2233,1285,777,1846,0.421,269,831,0.324,444,626,0.709,353,1190,349,193,88,413,581
Michigan State NCAA,39,32,7,0.821,24.93,12.34,16,4,15,1,8,4,3025,2534,1570,1071,2230,0.48,319,844,0.378,564,749,0.753,414,1579,716,201,205,493,647
Michigan NCAA,37,30,7,0.811,21.82,10.55,15,5,17,1,7,4,2575,2158,1480,941,2102,0.448,287,839,0.342,406,579,0.701,299,1307,512,225,149,334,514
Middle Tennessee,32,11,21,0.344,-6.09,1.44,8,10,9,5,2,11,2141,2313,1280,778,1858,0.419,212,650,0.326,373,551,0.677,382,1228,353,190,85,512,582
Milwaukee,31,9,22,0.29,-8.9,-2.5,4,14,6,8,3,12,2146,2315,1245,765,1820,0.42,237,692,0.342,379,508,0.746,288,1095,355,145,94,382,579
Minnesota NCAA,36,22,14,0.611,12.52,11.27,9,11,14,3,2,9,2543,2498,1445,887,2039,0.435,191,603,0.317,578,848,0.682,402,1314,521,175,140,418,578
Mississippi State NCAA,34,23,11,0.676,15.96,9.07,10,8,14,3,5,5,2628,2394,1370,936,1981,0.472,292,774,0.377,464,647,0.717,393,1215,479,274,172,451,586
Mississippi Valley State,32,6,26,0.188,-22.47,-6.99,4,14,6,6,0,20,2058,2498,1285,730,1923,0.38,172,554,0.31,426,647,0.658,378,1165,361,176,70,415,570
Mississippi NCAA,33,20,13,0.606,12.31,8.13,10,8,11,5,6,5,2485,2347,1325,876,1906,0.46,272,760,0.358,461,589,0.783,322,1128,475,235,118,416,603
Missouri-Kansas City,32,11,21,0.344,-6.61,-1.55,6,10,8,5,3,13,2220,2341,1290,774,1794,0.431,259,728,0.356,413,590,0.7,261,966,352,232,90,391,647
Missouri State,32,16,16,0.5,-1.2,-1.03,10,8,11,4,5,9,2206,2157,1285,774,1714,0.452,224,649,0.345,434,627,0.692,270,1000,354,221,127,385,540
Missouri,32,15,17,0.469,8.6,9.16,5,13,9,7,2,8,2150,2168,1290,758,1764,0.43,264,727,0.363,370,526,0.703,345,1130,354,149,53,448,625
Monmouth,35,14,21,0.4,-10.66,-4.83,10,8,6,6,5,11,2286,2490,1420,794,1915,0.415,168,565,0.297,530,772,0.687,360,1224,379,237,101,502,697
Montana State,32,15,17,0.469,-7.91,-5.81,11,9,9,4,4,12,2502,2552,1280,858,1882,0.456,306,818,0.374,480,651,0.737,292,1083,491,169,46,394,567
Montana NCAA,35,26,9,0.743,1.49,-5.05,16,4,12,2,9,5,2665,2397,1405,973,1979,0.492,288,762,0.378,431,625,0.69,293,1172,508,230,104,416,656
Morehead State,33,13,20,0.394,-7.73,-1.76,8,10,7,7,4,11,2431,2543,1335,855,1993,0.429,260,762,0.341,461,654,0.705,357,1177,440,186,137,402,561
Morgan State,30,9,21,0.3,-16.06,-10.7,4,12,6,7,2,13,2159,2304,1210,757,1919,0.394,168,521,0.322,477,669,0.713,397,1078,358,230,48,401,614
Mount St. Mary's,31,9,22,0.29,-14.56,-6.01,6,12,4,9,5,13,2092,2286,1240,733,1755,0.418,223,723,0.308,403,594,0.678,293,1036,354,146,107,410,576
Murray State NCAA,33,28,5,0.848,8.96,-3.11,16,2,15,1,10,3,2727,2255,1320,988,2007,0.492,258,731,0.353,493,674,0.731,351,1247,591,249,149,401,527
Navy,31,12,19,0.387,-10.09,-4,8,10,8,6,4,13,2061,2250,1240,732,1786,0.41,208,656,0.317,389,544,0.715,359,1160,399,167,58,437,534
Omaha,32,21,11,0.656,-2.32,-3.39,13,3,10,2,9,8,2523,2454,1290,950,1998,0.475,282,719,0.392,341,473,0.721,273,1047,409,180,61,304,486
Nebraska,36,19,17,0.528,14.85,11.31,6,14,13,5,2,10,2586,2421,1445,916,2133,0.429,270,800,0.338,484,694,0.697,379,1278,466,260,151,345,580
Nevada-Las Vegas,31,17,14,0.548,1.58,0.48,11,7,10,6,6,5,2276,2242,1250,791,1852,0.427,251,745,0.337,443,647,0.685,408,1204,399,184,115,401,556
Nevada NCAA,34,29,5,0.853,16,2.68,15,3,15,0,9,3,2723,2270,1360,924,1999,0.462,297,855,0.347,578,816,0.708,325,1274,498,211,134,352,584
New Hampshire,29,5,24,0.172,-18.66,-6.03,3,13,4,10,1,14,1742,1990,1160,623,1656,0.376,261,787,0.332,235,385,0.61,260,987,325,117,53,356,533
New Mexico State NCAA,35,30,5,0.857,10.05,-2.38,15,1,16,1,10,1,2734,2259,1405,962,2092,0.46,326,977,0.334,484,714,0.678,445,1343,515,197,91,419,626
New Mexico,32,14,18,0.438,-0.55,1.61,7,11,9,7,4,9,2443,2454,1280,814,1927,0.422,292,844,0.346,523,745,0.702,351,1200,446,220,107,455,627
New Orleans,33,19,14,0.576,-8.88,-6.47,12,6,12,4,5,9,2384,2325,1345,862,1941,0.444,189,566,0.334,471,681,0.692,393,1166,497,285,133,517,631
Niagara,32,13,19,0.406,-11.33,-7.77,6,12,8,8,5,10,2318,2432,1285,795,1887,0.421,265,738,0.359,463,629,0.736,315,1143,343,128,125,390,511
Nicholls State,31,14,17,0.452,-11.87,-6.98,7,11,9,4,3,13,2260,2302,1250,807,1914,0.422,324,883,0.367,322,418,0.77,280,1041,428,208,128,386,587
NJIT,35,22,13,0.629,-3.62,-4.74,8,8,11,5,11,8,2472,2401,1410,849,1913,0.444,246,713,0.345,528,732,0.721,250,1178,376,223,94,421,582
Norfolk State,36,22,14,0.611,-8.05,-8.75,14,2,11,2,9,8,2652,2503,1460,900,2079,0.433,282,770,0.366,570,803,0.71,366,1318,457,219,154,523,763
North Alabama,32,10,22,0.313,-11,-1.69,7,9,8,4,2,18,2145,2358,1285,744,1914,0.389,240,805,0.298,417,619,0.674,351,1170,334,209,74,435,615
North Carolina-Asheville,31,4,27,0.129,-19.81,-2.35,2,14,3,10,1,15,1857,2313,1245,655,1627,0.403,223,687,0.325,324,437,0.741,298,931,331,196,86,456,533
North Carolina A&T,32,19,13,0.594,-11.25,-9.88,13,3,11,2,7,10,2241,2209,1290,825,1797,0.459,227,649,0.35,364,548,0.664,291,1059,452,215,108,417,515
North Carolina Central NCAA,34,18,16,0.529,-11.54,-11.25,10,6,10,2,4,12,2429,2266,1365,874,1923,0.454,221,694,0.318,460,641,0.718,399,1265,526,207,94,515,610
North Carolina-Greensboro,36,29,7,0.806,4.07,-0.9,15,3,15,2,11,4,2738,2443,1445,997,2184,0.457,280,818,0.342,464,666,0.697,399,1251,451,315,139,423,631
North Carolina State,36,24,12,0.667,14.94,6.22,9,9,17,5,4,6,2882,2568,1450,1061,2319,0.458,292,830,0.352,468,662,0.707,486,1390,539,257,138,449,691
North Carolina-Wilmington,33,10,23,0.303,-8.1,-2.04,5,13,5,9,2,12,2515,2670,1335,881,1988,0.443,260,744,0.349,493,673,0.733,387,1221,495,150,68,436,585
North Carolina NCAA,36,29,7,0.806,23.94,11.36,16,2,14,2,11,1,3089,2636,1445,1118,2410,0.464,312,863,0.362,541,728,0.743,477,1589,677,252,120,473,611
North Dakota State NCAA,35,19,16,0.543,-4.01,-2.07,9,7,10,3,4,9,2556,2541,1410,874,1926,0.454,332,910,0.365,476,613,0.777,229,1105,402,160,87,368,523
North Dakota,30,12,18,0.4,-8.78,-3.55,6,10,8,6,4,11,2220,2196,1200,822,1771,0.464,241,647,0.372,335,482,0.695,233,1009,398,171,87,380,485
North Florida,33,16,17,0.485,-3.48,-0.7,9,7,10,3,5,13,2485,2531,1325,902,2014,0.448,308,897,0.343,373,539,0.692,363,1252,520,212,165,536,573
North Texas,33,21,12,0.636,-0.25,-3.48,8,10,12,4,6,7,2302,2077,1325,831,1910,0.435,284,838,0.339,356,532,0.669,368,1244,428,210,88,443,589
Northeastern NCAA,34,23,11,0.676,3.95,-0.7,14,4,11,2,8,6,2564,2406,1385,880,1848,0.476,328,858,0.382,476,634,0.751,237,1075,480,211,74,381,540
Northern Arizona,31,10,21,0.323,-10.75,-6.23,8,12,5,7,5,13,2262,2402,1250,785,1819,0.432,259,749,0.346,433,614,0.705,290,1055,381,196,67,372,537
Northern Colorado,32,21,11,0.656,-3.92,-6.76,15,5,10,3,11,5,2450,2229,1295,849,1834,0.463,307,847,0.362,445,632,0.704,309,1126,424,176,100,398,535
Northern Illinois,34,17,17,0.5,2.58,1.11,8,10,10,6,5,9,2506,2413,1375,940,1995,0.471,229,642,0.357,397,543,0.731,304,1179,374,188,75,404,653
Northern Iowa,34,16,18,0.471,-1.54,0.62,9,9,9,5,3,9,2215,2230,1360,769,1846,0.417,276,792,0.348,401,537,0.747,262,1113,370,165,75,393,554
Northern Kentucky NCAA,35,26,9,0.743,4.67,-2.39,13,5,17,1,7,7,2747,2410,1410,979,2048,0.478,306,845,0.362,483,725,0.666,364,1298,592,218,139,441,664
Northwestern State,31,11,20,0.355,-17.06,-5.99,6,12,8,7,3,13,2051,2280,1250,725,1789,0.405,190,646,0.294,411,604,0.68,352,1103,340,192,138,496,578
Northwestern,32,13,19,0.406,9.97,9.16,4,16,10,8,1,9,2108,2082,1290,735,1827,0.402,233,745,0.313,405,551,0.735,278,1086,451,176,134,349,583
Notre Dame,33,14,19,0.424,7.97,8.28,3,15,11,8,1,9,2266,2276,1320,776,1973,0.393,272,863,0.315,442,594,0.744,370,1208,423,179,148,306,455
Oakland,33,16,17,0.485,-2.27,-1.48,11,7,10,6,6,10,2534,2515,1325,864,1859,0.465,314,816,0.385,492,663,0.742,275,1063,581,191,99,426,534
Ohio State NCAA,35,20,15,0.571,13.89,11,8,12,12,6,4,7,2419,2318,1405,839,1931,0.434,264,775,0.341,477,650,0.734,328,1214,494,206,85,438,624
Ohio,31,14,17,0.452,-1.84,3.16,6,12,11,5,3,10,2174,2288,1255,803,1838,0.437,187,633,0.295,381,602,0.633,332,1152,451,200,115,448,504
Oklahoma State,32,12,20,0.375,8.09,11.53,5,13,8,7,2,10,2178,2288,1285,760,1796,0.423,280,753,0.372,378,549,0.689,295,1092,422,183,139,386,516
Oklahoma NCAA,34,20,14,0.588,15.3,12.21,7,11,11,4,5,7,2423,2318,1365,883,1975,0.447,226,655,0.345,431,618,0.697,305,1263,430,203,102,401,526
Old Dominion NCAA,35,26,9,0.743,3.74,-1.18,13,5,14,2,8,4,2300,2128,1400,824,2027,0.407,264,756,0.349,388,585,0.663,418,1365,439,197,160,408,580
Oral Roberts,32,11,21,0.344,-9.34,-1.91,7,9,7,6,3,13,2314,2483,1285,854,1874,0.456,266,734,0.362,340,492,0.691,335,1147,434,152,106,447,575
Oregon State,31,18,13,0.581,7.84,4.29,10,8,10,5,6,5,2275,2165,1250,800,1728,0.463,203,633,0.321,472,636,0.742,310,1091,465,185,164,384,536
Oregon NCAA,38,25,13,0.658,13.95,6.13,10,8,13,4,5,7,2661,2364,1530,958,2125,0.451,295,840,0.351,450,624,0.721,361,1307,501,290,163,442,665
Pacific,32,14,18,0.438,-2.46,1.97,4,12,9,7,5,10,2138,2241,1290,710,1680,0.423,198,564,0.351,520,696,0.747,285,1041,322,196,46,423,630
Penn State,32,14,18,0.438,12.55,11.51,7,13,9,6,3,9,2229,2196,1295,791,1898,0.417,222,693,0.32,425,613,0.693,382,1174,389,245,122,399,597
Pennsylvania,31,19,12,0.613,2.04,-0.76,7,7,10,4,8,5,2250,2117,1265,821,1810,0.454,282,803,0.351,326,510,0.639,270,1102,463,210,77,395,500
Pepperdine,34,16,18,0.471,0.9,0.63,6,10,9,5,2,11,2572,2529,1370,865,1949,0.444,313,819,0.382,529,696,0.76,290,1085,479,229,95,432,639
Pittsburgh,33,14,19,0.424,7.88,6.69,3,15,11,7,0,11,2306,2267,1330,769,1841,0.418,225,680,0.331,543,779,0.697,383,1209,387,227,126,448,610
Portland State,32,16,16,0.5,-8.95,-5.78,11,9,12,4,3,10,2475,2404,1290,856,2017,0.424,238,769,0.309,525,748,0.702,491,1282,434,264,129,449,681
Portland,32,7,25,0.219,-10.8,0.51,0,16,6,11,1,12,2078,2389,1290,707,1708,0.414,216,664,0.325,448,668,0.671,233,1032,369,175,123,425,588
Prairie View NCAA,35,22,13,0.629,-7.29,-9.17,17,1,11,0,9,12,2627,2547,1400,903,2062,0.438,225,703,0.32,596,875,0.681,393,1154,444,309,55,445,758
Presbyterian,36,20,16,0.556,-3.56,-5.35,9,7,12,3,8,12,2817,2610,1445,966,2150,0.449,394,1034,0.381,491,674,0.728,324,1248,565,214,69,358,617
Princeton,28,16,12,0.571,-3.43,-0.89,8,6,7,5,8,6,1948,1951,1135,685,1666,0.411,207,679,0.305,371,502,0.739,272,1016,295,168,70,354,459
Providence,34,18,16,0.529,8.3,6.71,7,11,11,7,5,6,2428,2374,1385,835,1973,0.423,225,690,0.326,533,771,0.691,399,1241,491,253,136,445,600
Purdue NCAA,36,26,10,0.722,21.4,11.99,16,4,15,0,6,6,2760,2421,1460,967,2145,0.451,365,977,0.374,461,641,0.719,421,1341,518,220,143,381,623
Quinnipiac,31,16,15,0.516,-6.77,-8.03,11,7,7,7,9,6,2294,2255,1270,739,1730,0.427,348,923,0.377,468,646,0.724,311,1111,393,159,62,415,524
Radford,33,22,11,0.667,1.28,-1.95,12,4,11,3,9,7,2440,2247,1330,893,1937,0.461,285,750,0.38,369,515,0.717,335,1169,467,196,101,358,528
Rhode Island,33,18,15,0.545,2.83,1.19,9,9,9,5,5,7,2293,2239,1335,821,1914,0.429,172,615,0.28,479,704,0.68,375,1194,401,235,129,405,586
Rice,32,13,19,0.406,-6.56,-2.06,8,10,9,7,4,11,2367,2481,1305,795,1861,0.427,277,793,0.349,500,729,0.686,316,1221,424,171,103,438,568
Richmond,33,13,20,0.394,-1.37,-0.79,6,12,7,10,4,7,2314,2333,1320,849,1800,0.472,251,723,0.347,365,552,0.661,196,957,519,249,101,336,488
Rider,31,16,15,0.516,-4.96,-6.51,11,7,9,3,6,10,2381,2333,1245,847,1892,0.448,222,651,0.341,465,755,0.616,363,1144,450,282,101,415,591
Robert Morris,35,18,17,0.514,-9.4,-7.61,11,7,13,4,5,13,2448,2403,1420,861,1991,0.432,280,789,0.355,446,638,0.699,373,1178,487,257,92,507,683
Rutgers,31,14,17,0.452,8.89,9.76,7,13,10,7,4,9,2105,2132,1250,771,1842,0.419,191,612,0.312,372,584,0.637,391,1210,390,201,124,408,566
Sacramento State,31,15,16,0.484,-8.78,-6.78,8,12,9,5,4,10,2197,2155,1250,806,1800,0.448,175,527,0.332,410,592,0.693,308,1051,431,239,104,404,566
Sacred Heart,32,15,17,0.469,-7.87,-8.1,11,7,10,3,4,13,2558,2509,1285,885,1926,0.46,243,681,0.357,545,722,0.755,354,1230,471,170,132,465,572
Saint Francis (PA),33,18,15,0.545,-8.67,-6.15,12,6,12,4,6,11,2517,2508,1320,885,2034,0.435,254,724,0.351,493,698,0.706,430,1246,413,221,94,402,598
Saint Joseph's,33,14,19,0.424,-0.43,1.66,6,12,10,5,2,11,2328,2397,1325,793,1943,0.408,280,869,0.322,462,615,0.751,258,1140,397,186,110,305,497
Saint Louis NCAA,36,23,13,0.639,5.06,2.23,10,8,15,2,4,8,2399,2297,1440,855,2051,0.417,205,675,0.304,484,809,0.598,491,1428,460,254,145,464,634
Saint Mary's (CA) NCAA,34,22,12,0.647,12.58,4.4,11,5,14,3,5,5,2463,2185,1365,899,1905,0.472,253,670,0.378,412,555,0.742,329,1180,341,201,87,355,574
Saint Peter's,32,10,22,0.313,-12.15,-6.4,6,12,7,7,2,14,2012,2196,1305,707,1639,0.431,184,567,0.325,414,570,0.726,293,1031,301,172,177,488,614
Sam Houston State,33,21,12,0.636,-3.18,-5.84,16,2,12,2,8,9,2476,2307,1345,889,2011,0.442,308,840,0.367,390,518,0.753,369,1191,555,242,94,413,659
Samford,33,17,16,0.515,0.69,-2.03,6,12,11,6,5,9,2583,2487,1355,921,1951,0.472,254,687,0.37,487,666,0.731,316,1225,461,238,127,463,560
San Diego State,34,21,13,0.618,5.29,2.47,11,7,14,3,4,7,2437,2291,1360,845,1940,0.436,261,721,0.362,486,679,0.716,346,1228,487,197,113,424,638
San Diego,36,21,15,0.583,6.12,3.61,7,9,12,4,5,9,2591,2455,1460,914,2002,0.457,284,808,0.351,479,641,0.747,290,1238,516,204,112,466,667
San Francisco,31,21,10,0.677,8.56,1.13,9,7,13,3,6,5,2358,2101,1250,864,1852,0.467,258,728,0.354,372,568,0.655,340,1137,439,188,104,321,543
San Jose State,31,4,27,0.129,-16.37,0.59,1,17,4,11,0,12,2042,2534,1250,713,1765,0.404,210,641,0.328,406,620,0.655,323,1127,423,131,52,484,539
Santa Clara,31,16,15,0.516,-1.91,0.92,8,8,11,6,4,6,2115,2172,1255,735,1655,0.444,239,663,0.36,406,567,0.716,242,1026,416,146,111,433,597
Savannah State,31,11,20,0.355,-20.52,-9.05,8,8,6,5,4,14,2360,2694,1245,825,2080,0.397,351,1199,0.293,359,531,0.676,383,1188,462,234,96,478,564
Seattle,33,18,15,0.545,-1.47,-3.85,6,10,12,6,4,8,2420,2283,1330,852,1945,0.438,238,642,0.371,478,668,0.716,336,1221,382,142,117,403,657
Seton Hall NCAA,34,20,14,0.588,10.25,8.34,9,9,11,4,3,8,2508,2443,1375,888,2021,0.439,240,741,0.324,492,697,0.706,361,1213,459,235,132,423,638
Siena,33,17,16,0.515,-7.89,-6.47,11,7,7,7,8,7,2131,2178,1345,772,1779,0.434,288,850,0.339,299,440,0.68,248,973,413,189,93,321,462
South Alabama,34,17,17,0.5,-4.46,-2.71,8,10,13,6,3,10,2478,2465,1375,867,1884,0.46,285,761,0.375,459,669,0.686,288,1094,471,201,141,456,649
South Carolina State,34,8,26,0.235,-16.87,-8.31,5,11,5,6,2,19,2388,2593,1375,811,1889,0.429,193,580,0.333,573,772,0.742,376,1138,386,167,60,493,670
South Carolina Upstate,32,6,26,0.188,-15.31,-4.27,1,16,5,9,1,15,2169,2395,1290,775,1874,0.414,269,819,0.328,350,491,0.713,305,1050,434,207,94,440,621
South Carolina,32,16,16,0.5,8.34,9.63,11,7,11,6,4,8,2327,2316,1285,806,1907,0.423,242,662,0.366,473,694,0.682,383,1160,413,202,140,433,622
South Dakota State,33,24,9,0.727,5.92,-4.74,14,2,14,1,7,6,2789,2425,1320,984,1965,0.501,327,802,0.408,494,635,0.778,251,1259,489,202,65,388,557
South Dakota,30,13,17,0.433,-5.52,-3.06,7,9,8,6,4,8,2118,2136,1205,729,1663,0.438,227,665,0.341,433,585,0.74,219,942,382,165,68,324,527
South Florida,38,24,14,0.632,5.96,1.69,8,10,18,5,5,7,2752,2553,1555,911,2120,0.43,272,819,0.332,658,1018,0.646,496,1483,521,306,124,604,790
Southeast Missouri State,31,10,21,0.323,-11.32,-4.39,5,13,6,8,2,13,2216,2378,1265,796,1809,0.44,266,719,0.37,358,519,0.69,284,1081,402,182,75,447,615
Southeastern Louisiana,33,17,16,0.515,-7.59,-6.3,12,6,9,5,7,9,2224,2228,1320,765,1735,0.441,235,696,0.338,459,640,0.717,346,1117,452,215,80,536,602
Southern California,33,16,17,0.485,8.23,4.96,8,10,12,5,2,9,2518,2410,1340,937,2039,0.46,281,735,0.382,363,563,0.645,324,1188,536,202,117,392,590
SIU Edwardsville,31,10,21,0.323,-14.47,-5.06,6,12,7,8,2,11,2265,2520,1280,794,1898,0.418,201,665,0.302,476,677,0.703,351,1079,382,198,70,438,612
Southern Illinois,32,17,15,0.531,1.39,-0.17,10,8,9,6,7,7,2194,2144,1280,802,1720,0.466,213,570,0.374,377,550,0.685,289,1081,438,212,129,447,474
Southern Methodist,32,15,17,0.469,5.81,4.12,6,12,10,8,3,7,2303,2249,1280,833,1884,0.442,263,772,0.341,374,523,0.715,365,1135,441,189,123,350,515
Southern Mississippi,33,20,13,0.606,2.58,-0.84,11,7,11,3,7,7,2392,2160,1330,898,1928,0.466,275,712,0.386,321,489,0.656,274,1178,553,253,110,345,507
Southern Utah,34,17,17,0.5,-8.91,-6.22,9,11,11,4,4,12,2573,2566,1380,881,1997,0.441,272,799,0.34,539,757,0.712,282,1250,426,199,114,466,696
Southern,32,7,25,0.219,-16.79,-7.38,6,12,6,5,1,18,2077,2360,1285,752,1711,0.44,180,544,0.331,393,588,0.668,313,980,372,216,86,511,716
St. Bonaventure,34,18,16,0.529,3.34,0.25,12,6,9,5,6,7,2250,2145,1385,821,1914,0.429,208,635,0.328,400,539,0.742,333,1183,417,199,164,421,553
St. Francis (NY),33,17,16,0.515,-10.18,-8.44,9,9,11,3,6,12,2345,2320,1325,841,1989,0.423,270,806,0.335,393,580,0.678,346,1191,387,194,136,413,635
St. John's (NY) NCAA,34,21,13,0.618,7.88,5.5,8,10,11,4,4,7,2623,2542,1375,944,2100,0.45,289,809,0.357,446,620,0.719,264,1119,472,301,111,357,650
Stanford,31,15,16,0.484,6.03,5.13,8,10,10,4,4,9,2255,2227,1245,808,1782,0.453,207,652,0.317,432,643,0.672,322,1148,392,187,147,467,587
Stephen F. Austin,30,14,16,0.467,-10.99,-5.92,7,11,10,6,3,9,2105,2161,1210,745,1696,0.439,201,588,0.342,414,607,0.682,313,1008,348,192,113,442,579
Stetson,31,7,24,0.226,-15.01,-3.46,3,13,7,8,0,16,2151,2429,1245,794,1962,0.405,215,684,0.314,348,503,0.692,359,1110,418,210,94,394,536
Stony Brook,33,24,9,0.727,-2.1,-6.48,12,4,10,4,13,4,2364,2188,1335,815,1937,0.421,233,715,0.326,501,695,0.721,410,1348,372,209,140,478,631
Syracuse NCAA,34,20,14,0.588,13.73,10.09,10,8,13,6,6,4,2370,2246,1365,808,1906,0.424,274,823,0.333,480,701,0.685,363,1174,408,278,162,423,590
Temple NCAA,33,23,10,0.697,8.17,4.93,13,5,13,2,8,5,2465,2358,1340,873,1998,0.437,247,748,0.33,472,649,0.727,316,1136,476,284,73,368,580
Tennessee-Martin,31,12,19,0.387,-10.94,-4.32,6,12,10,4,1,14,2356,2486,1250,854,1915,0.446,250,726,0.344,398,528,0.754,351,1062,441,223,88,418,490
Tennessee State,30,9,21,0.3,-11.62,-3.15,6,12,6,7,3,14,2182,2332,1210,751,1739,0.432,240,716,0.335,440,628,0.701,317,1032,342,219,78,497,735
Tennessee Tech,31,8,23,0.258,-14.76,-3,4,14,5,10,3,13,2104,2350,1250,742,1784,0.416,213,620,0.344,407,645,0.631,330,1122,389,226,134,517,554
Tennessee NCAA,37,31,6,0.838,21.55,10.16,15,3,18,0,7,3,3035,2580,1505,1106,2231,0.496,262,714,0.367,561,744,0.754,379,1391,660,221,199,412,654
Texas A&M-Corpus Christi,32,14,18,0.438,-9.11,-5.68,9,9,9,7,5,9,2126,2124,1290,774,1803,0.429,202,621,0.325,376,541,0.695,349,1159,423,197,90,456,610
Texas A&M,32,14,18,0.438,7.21,8.59,6,12,9,8,3,7,2253,2297,1280,806,1842,0.438,204,663,0.308,437,631,0.693,372,1195,376,215,142,444,521
Texas-Arlington,33,17,16,0.515,-0.5,0.84,12,6,9,5,7,10,2284,2303,1345,781,1908,0.409,234,773,0.303,488,659,0.741,372,1237,421,211,97,467,630
Texas Christian,37,23,14,0.622,13.81,9.6,7,11,15,5,3,7,2730,2574,1500,990,2168,0.457,281,813,0.346,469,688,0.682,395,1347,598,255,162,499,586
Texas-El Paso,29,8,21,0.276,-8.23,-1.71,3,15,8,8,0,13,1859,2001,1170,638,1592,0.401,199,621,0.32,384,580,0.662,285,1070,306,135,83,466,551
Texas-Rio Grande Valley,37,20,17,0.541,-2.04,-1.61,9,7,11,9,8,7,2634,2623,1490,895,2139,0.418,203,636,0.319,641,923,0.694,358,1215,503,345,105,471,763
Texas-San Antonio,32,17,15,0.531,0.69,0.05,11,7,11,4,5,7,2481,2407,1295,896,2068,0.433,294,855,0.344,395,536,0.737,323,1216,420,213,82,402,581
Texas Southern,38,24,14,0.632,-5.55,-6.99,14,4,10,2,13,11,3102,3008,1550,1083,2379,0.455,276,852,0.324,660,988,0.668,467,1503,591,309,114,589,679
Texas State,34,24,10,0.706,1.54,-3,12,6,11,4,10,5,2470,2204,1370,876,1971,0.444,244,744,0.328,474,694,0.683,409,1291,493,234,84,455,667
Texas Tech NCAA,38,31,7,0.816,22.79,9.53,14,4,17,1,6,3,2765,2261,1530,990,2110,0.469,277,759,0.365,508,694,0.732,315,1292,498,275,186,457,663
Texas,37,21,16,0.568,16.06,11.46,8,10,15,6,2,8,2628,2458,1495,929,2146,0.433,325,934,0.348,445,637,0.699,358,1264,485,227,152,401,627
Toledo,33,25,8,0.758,8.21,0.71,13,5,14,2,8,5,2537,2256,1330,901,1990,0.453,325,860,0.378,410,531,0.772,327,1280,538,171,152,402,517
Towson,32,10,22,0.313,-8.44,-3.57,6,12,5,8,4,8,2170,2294,1310,810,1860,0.435,180,550,0.327,370,531,0.697,389,1183,318,154,94,390,562
Troy,30,12,18,0.4,-6.12,-1.02,5,13,8,8,4,10,2179,2242,1210,773,1719,0.45,236,704,0.335,397,550,0.722,277,1021,392,171,135,408,523
Tulane,31,4,27,0.129,-6.72,3.63,0,18,3,12,0,11,2082,2403,1240,733,1784,0.411,213,670,0.318,403,585,0.689,298,1130,444,147,109,467,535
Tulsa,32,18,14,0.563,4.64,3.86,8,10,14,3,3,8,2296,2271,1290,776,1732,0.448,222,652,0.34,522,751,0.695,239,1119,430,176,76,404,529
UCLA,33,17,16,0.515,7.17,6.78,9,9,13,5,3,7,2580,2567,1335,919,2012,0.457,256,721,0.355,486,768,0.633,380,1361,472,194,135,467,563
Utah State NCAA,35,28,7,0.8,11.98,0.89,15,3,14,1,9,4,2753,2349,1410,959,2037,0.471,274,772,0.355,559,747,0.748,377,1403,596,214,146,449,650
Utah Valley,35,25,10,0.714,3,-2.31,12,4,14,1,8,8,2697,2474,1400,930,1925,0.483,283,738,0.383,554,764,0.725,311,1263,476,201,87,487,612
Utah,31,17,14,0.548,6.13,5.1,11,7,10,5,6,5,2343,2311,1245,805,1735,0.464,298,806,0.37,435,616,0.706,317,1096,440,144,80,409,549
Valparaiso,33,15,18,0.455,-3.38,-1,7,11,8,7,5,8,2205,2187,1335,802,1783,0.45,185,585,0.316,416,595,0.699,294,1115,431,202,101,439,546
Vanderbilt,32,9,23,0.281,3.57,7.79,0,18,8,10,1,10,2180,2315,1285,736,1750,0.421,230,739,0.311,478,710,0.673,325,1139,371,154,126,454,568
Vermont NCAA,34,27,7,0.794,4.88,-4.18,14,2,16,2,11,4,2508,2143,1370,864,1887,0.458,273,761,0.359,507,678,0.748,304,1194,399,188,136,377,568
Villanova NCAA,36,26,10,0.722,14.33,7.97,13,5,13,2,5,6,2654,2425,1455,884,2019,0.438,380,1081,0.352,506,695,0.728,368,1253,503,194,106,388,580
Virginia Commonwealth NCAA,33,25,8,0.758,11.96,2.87,16,2,16,1,8,4,2344,2044,1330,820,1872,0.438,235,771,0.305,469,669,0.701,358,1208,450,263,148,458,650
VMI,32,11,21,0.344,-10.5,0.09,4,14,8,7,2,13,2433,2617,1290,843,1973,0.427,323,898,0.36,424,581,0.73,280,1110,442,217,61,390,541
Virginia Tech NCAA,35,26,9,0.743,19.28,7.8,12,6,14,2,5,5,2574,2172,1410,893,1899,0.47,327,831,0.394,461,606,0.761,310,1142,531,236,78,392,532
Virginia NCAA,38,35,3,0.921,25.46,10.14,16,2,15,1,10,1,2714,2132,1535,974,2056,0.474,321,812,0.395,445,598,0.744,342,1326,544,211,149,342,543
Wagner,30,13,17,0.433,-12.98,-7.62,8,10,7,7,6,10,1974,2044,1205,655,1696,0.386,236,773,0.305,428,575,0.744,378,1095,351,184,108,414,639
Wake Forest,31,11,20,0.355,1.21,8.47,4,14,8,8,1,10,2119,2344,1250,714,1812,0.394,197,640,0.308,494,681,0.725,399,1174,329,150,77,417,555
Washington State,32,11,21,0.344,-1.67,2.2,4,14,9,7,2,8,2393,2517,1280,833,1861,0.448,301,828,0.364,426,564,0.755,276,1076,476,165,93,440,554
Washington NCAA,36,27,9,0.75,12.01,7.01,15,3,15,1,7,4,2511,2331,1445,883,1956,0.451,273,780,0.35,472,679,0.695,334,1129,419,322,204,479,653
Weber State,33,18,15,0.545,-4.37,-6.12,11,9,10,5,5,7,2617,2454,1330,920,1934,0.476,249,684,0.364,528,708,0.746,220,1177,382,180,140,382,608
West Virginia,36,15,21,0.417,6.94,10.57,4,14,11,7,0,10,2655,2786,1460,901,2179,0.413,269,852,0.316,584,849,0.688,519,1424,488,223,125,557,708
Western Carolina,32,7,25,0.219,-9.28,0.34,4,14,4,8,3,14,2304,2563,1295,792,1744,0.454,296,800,0.37,424,628,0.675,303,1135,389,135,53,577,671
Western Illinois,31,10,21,0.323,-10.05,-5.18,4,12,7,6,2,14,2198,2272,1245,818,1859,0.44,241,626,0.385,321,440,0.73,254,1100,319,165,132,353,488
Western Kentucky,34,20,14,0.588,3.14,0.96,11,7,10,4,6,8,2429,2355,1380,853,1910,0.447,199,608,0.327,524,724,0.724,338,1256,417,235,174,466,527
Western Michigan,32,8,24,0.25,-6.26,1.48,2,16,5,9,2,14,2246,2439,1300,774,1822,0.425,228,723,0.315,470,681,0.69,345,1197,373,147,78,490,564
Wichita State,37,22,15,0.595,7.72,5.91,10,8,10,4,7,7,2609,2542,1485,929,2277,0.408,276,890,0.31,475,655,0.725,452,1417,499,174,135,446,706
William & Mary,31,14,17,0.452,-4.78,-2.08,10,8,9,5,5,11,2321,2385,1265,841,1773,0.474,254,735,0.346,385,576,0.668,251,1057,529,158,146,390,516
Winthrop,30,18,12,0.6,-2.89,-3.75,10,6,11,3,7,8,2499,2358,1210,855,1878,0.455,372,997,0.373,417,565,0.738,330,1232,460,134,83,456,534
Wisconsin NCAA,34,23,11,0.676,17.9,11.01,14,6,12,3,8,5,2333,2099,1385,874,1945,0.449,241,672,0.359,344,531,0.648,283,1197,430,177,140,327,511
Wofford NCAA,35,30,5,0.857,13.92,0.8,18,0,15,1,11,3,2879,2295,1410,1044,2132,0.49,385,929,0.414,406,577,0.704,365,1232,528,233,105,377,588
Wright State,35,21,14,0.6,3.29,-0.89,13,5,15,2,5,8,2561,2365,1405,885,2029,0.436,281,818,0.344,510,692,0.737,382,1230,483,214,72,402,545
Wyoming,32,8,24,0.25,-9.75,0.19,4,14,6,10,1,11,2105,2411,1285,690,1656,0.417,248,720,0.344,477,660,0.723,167,983,331,176,88,450,588
Xavier,35,19,16,0.543,9.61,8.06,9,9,13,5,4,8,2526,2472,1420,922,1977,0.466,245,740,0.331,437,644,0.679,371,1282,519,190,128,450,550
Yale NCAA,30,22,8,0.733,5.53,-1.23,10,4,11,2,8,5,2427,2202,1215,893,1812,0.493,230,634,0.363,411,557,0.738,259,1157,503,177,131,392,510
Youngstown State,32,12,20,0.375,-7.78,-2.05,8,10,6,7,5,11,2415,2526,1305,879,2059,0.427,303,893,0.339,354,505,0.701,418,1209,449,210,115,423,656
